ImageNumber,ObjectNumber,Metadata_FileLocation,Metadata_Frame,Metadata_Series,Metadata_colrow,Metadata_treatment,FileName_raw,PathName_raw,AreaShape_Area,AreaShape_Center_X,AreaShape_Center_Y,AreaShape_Compactness,AreaShape_Eccentricity,AreaShape_EquivalentDiameter,AreaShape_EulerNumber,AreaShape_Extent,AreaShape_FormFactor,AreaShape_MajorAxisLength,AreaShape_MaxFeretDiameter,AreaShape_MaximumRadius,AreaShape_MeanRadius,AreaShape_MedianRadius,AreaShape_MinFeretDiameter,AreaShape_MinorAxisLength,AreaShape_Orientation,AreaShape_Perimeter,AreaShape_Solidity,Intensity_IntegratedIntensity_gfp_bgCorr,Intensity_MeanIntensity_gfp_bgCorr,Intensity_StdIntensity_gfp_bgCorr,Number_Object_Number,RadialDistribution_RadialCV_gfp_bgCorr_1of4,RadialDistribution_RadialCV_gfp_bgCorr_2of4,RadialDistribution_RadialCV_gfp_bgCorr_3of4,RadialDistribution_RadialCV_gfp_bgCorr_4of4
1,1,file:///C:/Users/Hugo/Documents/GitHub/SPAOM2020-ws1-high-content-screening/dataset2D/images/01A.tif,0,0,01A,control,01A.tif,C:\Users\Hugo\Documents\GitHub\SPAOM2020-ws1-high-content-screening\dataset2D\images,11866,178.6178156076184,148.39836507668971,1.6149543225171505,0.6757061904110032,122.91566392379549,1,0.6924603174603174,0.6192125597963345,147.47544761063546,162.077142126828,52.81098370604357,17.793192056254647,15.297058540778355,111.0,108.71462929221107,1.1788199940885011,490.7239174480011,0.9480664749121125,276.64832720160484,0.023314371077162048,0.07231817715853855,1,2.3020203605225644,1.6706171739192992,1.784790743450385,2.4965027827278643
2,1,file:///C:/Users/Hugo/Documents/GitHub/SPAOM2020-ws1-high-content-screening/dataset2D/images/01B.tif,0,0,01B,control,01B.tif,C:\Users\Hugo\Documents\GitHub\SPAOM2020-ws1-high-content-screening\dataset2D\images,14854,162.46014541537633,138.33694627709707,1.6512905926664445,0.7443925319539421,137.52345326342015,1,0.6635693544784453,0.6055869296664714,172.1239390449608,189.66285877841239,55.02726596879042,19.134129671415998,16.64331697709324,119.81755361317536,114.93443225722446,-1.4537687350100488,555.1858582251266,0.9222077357670578,194.57439348101616,0.013099124375994087,0.06008054868491981,1,1.690659185549744,1.7504813876314542,2.5725800786614856,2.4795332298985833
3,1,file:///C:/Users/Hugo/Documents/GitHub/SPAOM2020-ws1-high-content-screening/dataset2D/images/01C.tif,0,0,01C,control,01C.tif,C:\Users\Hugo\Documents\GitHub\SPAOM2020-ws1-high-content-screening\dataset2D\images,13747,160.73390557939913,147.0098930675784,1.631225202152171,0.5688459434391777,132.29975064781596,1,0.6317555147058823,0.6130361391429224,149.06228889722883,171.30382365843442,58.008620049092706,19.760772317532815,17.0,123.02943664781691,122.59539958363702,-1.561492544556251,530.842712474619,0.9455258270857693,455.27446350455284,0.03311809583942335,0.081206223803748,1,0.4393577890600759,0.884751168857625,1.1875785894409976,2.5836418720570786
4,1,file:///C:/Users/Hugo/Documents/GitHub/SPAOM2020-ws1-high-content-screening/dataset2D/images/01D.tif,0,0,01D,control,01D.tif,C:\Users\Hugo\Documents\GitHub\SPAOM2020-ws1-high-content-screening\dataset2D\images,14494,162.62984683317234,134.05616117013938,2.818234656938581,0.8135391196384916,135.8467296676348,1,0.5241952983725136,0.3548320568473491,183.5808860343891,189.84203960134857,50.24937810560445,17.778892901407037,15.811388300841896,111.18418005045108,106.75415587781549,-0.8730839727557502,716.4528855298854,0.8798106106592206,69.64699786901474,0.0048052296032161405,0.015146030113003394,1,0.0,0.0,1.7333126222022979,1.3595244931753165
5,1,file:///C:/Users/Hugo/Documents/GitHub/SPAOM2020-ws1-high-content-screening/dataset2D/images/01E.tif,0,0,01E,control,01E.tif,C:\Users\Hugo\Documents\GitHub\SPAOM2020-ws1-high-content-screening\dataset2D\images,17332,161.0181744749596,131.03404108008309,1.4630820476819673,0.7442295827902115,148.55230657700957,1,0.6737414965986395,0.6834886680376874,185.3328138802313,190.8219064992277,57.0701322935211,21.21621700277768,19.1049731745428,129.1630245492842,123.78821472228735,-0.6325709458087418,564.4995667241114,0.9419565217391305,54.52120551466942,0.003145696140934077,0.014221488688100676,1,0.0,0.0,2.6457513110645907,2.6457513110645907
6,1,file:///C:/Users/Hugo/Documents/GitHub/SPAOM2020-ws1-high-content-screening/dataset2D/images/01F.tif,0,0,01F,control,01F.tif,C:\Users\Hugo\Documents\GitHub\SPAOM2020-ws1-high-content-screening\dataset2D\images,12238,166.5304788364112,107.69839843111619,1.335566247467499,0.8176181882549056,124.82750317325474,1,0.7082175925925925,0.7487460857117348,166.77202366542363,168.6475615003075,50.0,18.08552147319598,16.15549442140351,101.4746746190452,96.02079367895183,0.3962505012214045,453.2031021678297,0.9724274930472785,0.935239851474762,7.642097168448783e-05,0.0010982224724909568,1,2.6457513110645907,1.8610079161172561,0.0,1.887399193768425
7,1,file:///C:/Users/Hugo/Documents/GitHub/SPAOM2020-ws1-high-content-screening/dataset2D/images/01G.tif,0,0,01G,control,01G.tif,C:\Users\Hugo\Documents\GitHub\SPAOM2020-ws1-high-content-screening\dataset2D\images,15785,166.4619575546405,106.31878365536902,1.697823697026358,0.7351854080405746,141.76771922283487,1,0.6789247311827957,0.5889893053981066,173.2033740741757,185.23498589629335,59.481089431852205,21.191701970600725,18.973665961010276,120.09775980472058,117.40869138192066,0.7819457892889621,580.3279938488577,0.9481049912907682,108.15638756752014,0.006851845902281922,0.020506926821615826,1,0.0,2.141803798705669,1.8802825541436419,2.2216289835484493
8,1,file:///C:/Users/Hugo/Documents/GitHub/SPAOM2020-ws1-high-content-screening/dataset2D/images/01H.tif,0,0,01H,control,01H.tif,C:\Users\Hugo\Documents\GitHub\SPAOM2020-ws1-high-content-screening\dataset2D\images,14861,149.73999057936882,111.4342238072808,1.5496537157725314,0.761377437554602,137.55585365337694,1,0.6179980870794693,0.6453054574850494,174.05530549193517,181.24017214734707,54.62600113499065,18.878119655439765,16.492422502470642,113.79169100588814,112.84159931528943,-0.606130315211949,537.9554108468271,0.9368932038834952,123.86470320820808,0.008334883467344598,0.038667600332166416,1,2.6340811706623724,2.349467588140834,2.410042447306295,2.6024476452448866
9,1,file:///C:/Users/Hugo/Documents/GitHub/SPAOM2020-ws1-high-content-screening/dataset2D/images/02A.tif,0,0,02A,control,02A.tif,C:\Users\Hugo\Documents\GitHub\SPAOM2020-ws1-high-content-screening\dataset2D\images,14630,154.52706766917294,151.2419002050581,1.5418726502227715,0.6591221752635849,136.48257961906873,1,0.7177902070454323,0.648561993661097,161.73996081128539,161.8177987738061,47.43416490252569,18.233460767062052,16.64331697709324,123.29348412676993,121.63425303600245,0.3990340498979607,532.4163056034262,0.9191430545957153,82.06881588697433,0.005609625146067965,0.02031378554770877,1,0.0,0.0,2.373465645856988,2.467796340361052
10,1,file:///C:/Users/Hugo/Documents/GitHub/SPAOM2020-ws1-high-content-screening/dataset2D/images/02B.tif,0,0,02B,control,02B.tif,C:\Users\Hugo\Documents\GitHub\SPAOM2020-ws1-high-content-screening\dataset2D\images,16769,154.7756574631761,144.255888842507,1.4074674496377009,0.7248314805119781,146.11965619198514,1,0.6852321019941158,0.710496004903994,179.09220488736005,187.8643127366132,61.465437442517235,21.310601435392275,18.867962264113206,133.97854148487676,123.38131421795069,0.7721786386752632,544.6000717874997,0.93171463495944,130.30032965540886,0.0077703100754612,0.02799944215083274,1,2.6457513110645907,2.0342311392552728,1.993849312404698,1.8476246875936189
11,1,file:///C:/Users/Hugo/Documents/GitHub/SPAOM2020-ws1-high-content-screening/dataset2D/images/02C.tif,0,0,02C,control,02C.tif,C:\Users\Hugo\Documents\GitHub\SPAOM2020-ws1-high-content-screening\dataset2D\images,17395,152.69646450129346,129.24116125323368,1.6051221924723067,0.8583098789093748,148.82204769679845,1,0.6349003576903424,0.6230055286069774,217.94199686599768,206.0728026693479,56.293871780150276,18.947937822309402,17.204650534085253,122.85291905654391,111.83294952396774,0.25875518389740226,592.3401871576773,0.902277089060636,560.2686543166637,0.03220860329500798,0.07487771995729617,1,1.1829683262845954,1.721346114249948,1.3538752933315137,2.305636976040836
12,1,file:///C:/Users/Hugo/Documents/GitHub/SPAOM2020-ws1-high-content-screening/dataset2D/images/02D.tif,0,0,02D,control,02D.tif,C:\Users\Hugo\Documents\GitHub\SPAOM2020-ws1-high-content-screening\dataset2D\images,15849,157.63997728563317,126.64376301343934,1.2686303692107304,0.5730878897822145,142.0548258402635,1,0.7196894015075833,0.7882516643694595,158.998677017993,165.71059109181888,60.802960454241045,21.525377363805354,19.209372712298546,134.1517109273349,130.29844771393778,0.8332972587152371,502.65894629054543,0.9610113994664079,49.92960071563721,0.003150331296336501,0.013391364372681161,1,0.0,0.0,2.547843378586122,2.4956980968642046
13,1,file:///C:/Users/Hugo/Documents/GitHub/SPAOM2020-ws1-high-content-screening/dataset2D/images/02E.tif,0,0,02E,control,02E.tif,C:\Users\Hugo\Documents\GitHub\SPAOM2020-ws1-high-content-screening\dataset2D\images,13814,155.5122339655422,125.23599247140582,1.3473991466000934,0.7851727690695284,132.62175941741813,1,0.6355647573038877,0.7421705754551727,172.3090055027371,171.89822570346675,54.70831746635972,19.06372932878157,17.11724276862369,112.21105241774319,106.7069650443927,-0.5272055774313311,483.6295090390226,0.9490896599106836,43.86631938815117,0.003175497277265902,0.008801552575004758,1,0.0,0.0,2.554673727631786,1.733490522149335
14,1,file:///C:/Users/Hugo/Documents/GitHub/SPAOM2020-ws1-high-content-screening/dataset2D/images/02F.tif,0,0,02F,control,02F.tif,C:\Users\Hugo\Documents\GitHub\SPAOM2020-ws1-high-content-screening\dataset2D\images,16305,170.64145967494633,107.54234897270776,1.5985073369662097,0.856339845206006,144.0839018659157,1,0.5859838274932615,0.6255836159613065,205.6824486800579,205.6817930688081,49.24428900898052,18.499754698599933,17.0,117.05762550860717,106.21702722989329,-0.8934558319314426,572.2985565973347,0.9069922678978695,253.25309386849403,0.01553223513452892,0.03479843966971022,1,0.0,1.7581477138255697,1.3203933196604603,1.2926004748105606
15,1,file:///C:/Users/Hugo/Documents/GitHub/SPAOM2020-ws1-high-content-screening/dataset2D/images/02G.tif,0,0,02G,control,02G.tif,C:\Users\Hugo\Documents\GitHub\SPAOM2020-ws1-high-content-screening\dataset2D\images,16096,160.93607107355865,104.37841699801193,1.192587522060595,0.5508599807271891,143.15747871507511,1,0.750186428038777,0.8385128818656131,157.5828576066834,159.6151621870554,63.56886030125127,22.50619972343475,20.024984394500787,132.93607486307093,131.518286816094,-0.947757157393032,491.144227664784,0.9750424036830627,165.86557966470718,0.010304770108393835,0.032057634710100695,1,1.720622726677154,1.8330288176496223,1.3917358128077804,2.3458710360926034
16,1,file:///C:/Users/Hugo/Documents/GitHub/SPAOM2020-ws1-high-content-screening/dataset2D/images/02H.tif,0,0,02H,control,02H.tif,C:\Users\Hugo\Documents\GitHub\SPAOM2020-ws1-high-content-screening\dataset2D\images,17751,143.25745028449103,105.43270801644978,1.7374147538785234,0.8641130029137934,150.337204838303,1,0.5813328966759457,0.5755678071500469,218.59472509224275,222.44100341438852,58.137767414994535,19.936175141535987,18.0,121.64209797598856,110.01825350563796,0.5772637503708422,622.541197284454,0.9124601624344608,221.05003282427788,0.012452821408612353,0.040328274128950986,1,2.432146844708302,1.7963493735516864,2.52856164327928,2.3520980386617887
17,1,file:///C:/Users/Hugo/Documents/GitHub/SPAOM2020-ws1-high-content-screening/dataset2D/images/03A.tif,0,0,03A,control,03A.tif,C:\Users\Hugo\Documents\GitHub\SPAOM2020-ws1-high-content-screening\dataset2D\images,13709,154.19840980377853,153.6489897147859,1.4237183741602522,0.7302752556586416,132.11677001340271,1,0.6896916033606681,0.7023861025814373,162.86980123367448,169.85287751463028,55.44366510251645,19.02941974649082,16.76305461424021,118.08683245815344,111.26499684631463,0.8336375125320613,495.2447327281724,0.9315077801182307,127.14315378665924,0.009274429483307261,0.022864312073838437,1,0.0,2.5841730329697405,2.3260419726878205,1.1759101897907682
18,1,file:///C:/Users/Hugo/Documents/GitHub/SPAOM2020-ws1-high-content-screening/dataset2D/images/03B.tif,0,0,03B,control,03B.tif,C:\Users\Hugo\Documents\GitHub\SPAOM2020-ws1-high-content-screening\dataset2D\images,13873,159.8972824911699,150.30080011533195,1.8167826904082611,0.8135362925429815,132.9046733719733,1,0.6130357931948741,0.550423562091118,176.47890762678696,179.8054504179448,51.884487084291386,18.653954108975473,16.76305461424021,107.12680916395435,102.6249810609676,-0.7190943387484449,562.7838379715733,0.9291407139508405,126.2177663743496,0.009098087390928393,0.02042275889658897,1,0.0,1.948743788226942,1.8239784450617476,1.7585479244437405
19,1,file:///C:/Users/Hugo/Documents/GitHub/SPAOM2020-ws1-high-content-screening/dataset2D/images/03C.tif,0,0,03C,control,03C.tif,C:\Users\Hugo\Documents\GitHub\SPAOM2020-ws1-high-content-screening\dataset2D\images,15695,146.03491557820962,137.77604332589996,1.3695705587594393,0.6616186698184484,141.36298898445227,1,0.7047597665020207,0.7301558825167815,166.5785153630453,171.64206943520577,58.0,20.779395090905396,18.601075237738275,128.69271567766822,124.90731284019151,-0.14979843966688433,519.7300141024109,0.9565455875182838,35.976468443870544,0.00229222481324438,0.010189610028770573,1,0.0,0.0,2.6457513110645907,2.315344820241496
20,1,file:///C:/Users/Hugo/Documents/GitHub/SPAOM2020-ws1-high-content-screening/dataset2D/images/03D.tif,0,0,03D,control,03D.tif,C:\Users\Hugo\Documents\GitHub\SPAOM2020-ws1-high-content-screening\dataset2D\images,14973,146.63420824150137,134.684899485741,1.839402943248445,0.754228682687735,138.0732258742425,1,0.6457497735800233,0.543654669940871,181.7813756987957,177.2484132510077,42.190046219457976,16.41677949413248,15.264337522473747,124.13870947137359,119.3598016073382,1.52374852386923,588.2985565973347,0.8705738705738706,169.67806816101074,0.011332269295465889,0.027543343508964264,1,0.0,0.0,2.6457513110645907,2.2764633308555244
21,1,file:///C:/Users/Hugo/Documents/GitHub/SPAOM2020-ws1-high-content-screening/dataset2D/images/03E.tif,0,0,03E,control,03E.tif,C:\Users\Hugo\Documents\GitHub\SPAOM2020-ws1-high-content-screening\dataset2D\images,16826,153.5564602401046,118.32758825627006,1.4562675932265647,0.7907729549823077,146.36778532079336,1,0.6811594202898551,0.6866869829770502,190.51059238344024,189.20095137181525,58.008620049092706,20.71667118647183,18.73491796016267,119.65514130980047,116.61335802656617,1.16325364901031,554.9015869776647,0.9415780637940683,333.8566612303257,0.01984171289850979,0.037307539595255075,1,0.3558825323363955,1.3821457724104043,1.7850635895838483,1.2656136591357101
22,1,file:///C:/Users/Hugo/Documents/GitHub/SPAOM2020-ws1-high-content-screening/dataset2D/images/03F.tif,0,0,03F,control,03F.tif,C:\Users\Hugo\Documents\GitHub\SPAOM2020-ws1-high-content-screening\dataset2D\images,15946,143.08045904929136,114.63884359714035,1.1740866581316634,0.5366517658607358,142.48886896998974,1,0.7454885460495558,0.8517258867342131,156.34425499092595,160.0562401157793,63.60031446463138,22.525063001788396,20.024984394500787,133.1861358308243,131.92387918431982,0.3617797878121783,485.0437226013957,0.984320987654321,116.3235180079937,0.007294839960365841,0.02299617905163359,1,0.0,2.6457513110645903,2.435603713647361,2.1026253194583115
23,1,file:///C:/Users/Hugo/Documents/GitHub/SPAOM2020-ws1-high-content-screening/dataset2D/images/03G.tif,0,0,03G,control,03G.tif,C:\Users\Hugo\Documents\GitHub\SPAOM2020-ws1-high-content-screening\dataset2D\images,16008,156.56453023488257,115.35301099450275,2.356100533074864,0.7280522333460682,142.7656073153492,1,0.7009984235417761,0.42443010642459095,176.55832213978664,173.76996288196645,52.3450093132096,20.231876930994762,18.24828759089466,126.94117647058823,121.03455397585549,0.056388356300787125,688.4467888754756,0.9063526214471748,133.6732231080532,0.00835040124363151,0.022551640461190414,1,0.0,1.8237728436830365,1.9343546140504448,1.7001274576248355
24,1,file:///C:/Users/Hugo/Documents/GitHub/SPAOM2020-ws1-high-content-screening/dataset2D/images/03H.tif,0,0,03H,control,03H.tif,C:\Users\Hugo\Documents\GitHub\SPAOM2020-ws1-high-content-screening\dataset2D\images,12892,152.05662426310892,122.3080204778157,1.663588456227785,0.5020677574448967,128.1194919234607,1,0.5968518518518519,0.6011102062270359,139.89541044297025,175.13708916160505,58.82176467941097,20.440206555093233,18.0,120.91525958289962,120.98550824849437,0.8532478765396412,519.144227664784,0.8678559407606866,41.231377482414246,0.003198214201242185,0.010872246666324206,1,1.6603141771864953,1.4129568948920328,1.4610900434817689,1.4574365674558167
25,1,file:///C:/Users/Hugo/Documents/GitHub/SPAOM2020-ws1-high-content-screening/dataset2D/images/04A.tif,0,0,04A,matrigel5,04A.tif,C:\Users\Hugo\Documents\GitHub\SPAOM2020-ws1-high-content-screening\dataset2D\images,17365,151.20708321336022,109.66991073999424,2.018539121813931,0.7053921698104347,148.6936605720839,1,0.6940447641886491,0.4954077873414534,179.59534121683805,187.8776197422141,56.859475903318,19.696955078383958,17.46424919657298,134.71827644127637,127.30027497117996,-1.2885750691859137,663.6833329081849,0.9110225066890509,469.9225999712944,0.027061479986829506,0.07714229199066423,1,0.5402527878771043,1.0665784605367685,1.4602903180451365,1.551986349164703
26,1,file:///C:/Users/Hugo/Documents/GitHub/SPAOM2020-ws1-high-content-screening/dataset2D/images/04B.tif,0,0,04B,matrigel5,04B.tif,C:\Users\Hugo\Documents\GitHub\SPAOM2020-ws1-high-content-screening\dataset2D\images,18443,208.98492653039094,138.6858428672125,3.276994664391357,0.7464677056162987,153.23954099236465,1,0.6901287232450232,0.30515765279274026,192.42013702927372,218.7532856896097,61.40032573203501,20.667399996098627,17.69180601295413,130.0,128.0405239450548,-0.22739719824767216,871.4823227814084,0.8769435595073939,142.83003841340542,0.0077444037528279245,0.021678294414978757,1,1.164771635911866,1.8390577534494557,2.5905706359095135,2.2949794279112834
27,1,file:///C:/Users/Hugo/Documents/GitHub/SPAOM2020-ws1-high-content-screening/dataset2D/images/04C.tif,0,0,04C,matrigel5,04C.tif,C:\Users\Hugo\Documents\GitHub\SPAOM2020-ws1-high-content-screening\dataset2D\images,9562,35.96276929512654,95.18667642752563,4.4999076010225885,0.7954516429900422,110.33909790621648,1,0.6209090909090909,0.22222678522837966,152.47688221666326,178.10109488714548,37.44329045369811,12.042556456309832,10.0,87.0,92.40359271592253,-0.00284452032251638,735.3279938488575,0.7735620095461532,224.018412232399,0.023427987056306106,0.02727549560462065,1,0.22855072261515938,0.35887114039241597,0.895848368501284,0.9330314846858933
28,1,file:///C:/Users/Hugo/Documents/GitHub/SPAOM2020-ws1-high-content-screening/dataset2D/images/04D.tif,0,0,04D,matrigel5,04D.tif,C:\Users\Hugo\Documents\GitHub\SPAOM2020-ws1-high-content-screening\dataset2D\images,19503,187.56781008050044,99.02358611495667,4.860500135053798,0.7605611303520878,157.5816957675284,1,0.5472222222222223,0.2057401444736163,210.50280481185757,237.92856070678022,60.728905802755904,18.473562655838826,15.297058540778355,145.51141829349365,136.6723834904649,-1.1303272975415863,1091.4305909532989,0.7767953160473174,183.0822815001011,0.009387390734763938,0.01701598663056182,1,0.27783879675291223,0.8653057036411906,1.1943147543353934,1.7486799790817107
29,1,file:///C:/Users/Hugo/Documents/GitHub/SPAOM2020-ws1-high-content-screening/dataset2D/images/04E.tif,0,0,04E,matrigel5,04E.tif,C:\Users\Hugo\Documents\GitHub\SPAOM2020-ws1-high-content-screening\dataset2D\images,16615,187.40036111947035,119.3853144748721,2.2060154661049522,0.6088780841205133,145.4471554750203,1,0.7248494895733356,0.45330597874984463,166.1852912769566,174.0028735394907,61.032778078668514,20.408861444716244,17.88854381999832,138.02637547899624,131.82877799701058,-1.2100109594218351,678.6711395993652,0.9130625927350662,84.96583360433578,0.005113802804955509,0.012086561485451225,1,1.4402503946419343,1.0379183020721325,1.7756100018894792,1.8321621624250242
30,1,file:///C:/Users/Hugo/Documents/GitHub/SPAOM2020-ws1-high-content-screening/dataset2D/images/04F.tif,0,0,04F,matrigel5,04F.tif,C:\Users\Hugo\Documents\GitHub\SPAOM2020-ws1-high-content-screening\dataset2D\images,15619,216.40591587169473,92.59171521864396,2.2681349899818963,0.7237509433892871,141.0203121866439,1,0.6472855366763365,0.4408908660273266,175.22001028917333,208.06249061279644,58.0,19.516532775854092,17.0,126.0,120.91254480874873,0.3822784581015261,667.2152954766495,0.8839275608375778,176.30913172662258,0.011288119068226044,0.026071793119451993,1,0.429979673762556,0.6095487023018824,0.764162126438,1.5056330888004454
31,1,file:///C:/Users/Hugo/Documents/GitHub/SPAOM2020-ws1-high-content-screening/dataset2D/images/04G.tif,0,0,04G,matrigel5,04G.tif,C:\Users\Hugo\Documents\GitHub\SPAOM2020-ws1-high-content-screening\dataset2D\images,17574,138.88847160578126,96.28872197564584,2.906826501230398,0.7086396129500829,149.58580066027574,1,0.5982434640522876,0.34401778006933714,187.17506754223763,196.65706191235543,57.38466694161429,18.401006002011165,16.1245154965971,143.7410088610373,132.06522834167615,0.29053316800930773,801.216341497176,0.8544756162785044,6.712393403053284,0.0003819502334729307,0.0027389989992740353,1,0.0,0.0,0.0,1.4311699239937006
33,1,file:///C:/Users/Hugo/Documents/GitHub/SPAOM2020-ws1-high-content-screening/dataset2D/images/05A.tif,0,0,05A,matrigel5,05A.tif,C:\Users\Hugo\Documents\GitHub\SPAOM2020-ws1-high-content-screening\dataset2D\images,18355,93.8329610460365,69.09212748569873,1.6431401382650133,0.5197742358759594,152.87351583454182,1,0.7283730158730158,0.6085908174916212,166.79789989418623,172.80046296234278,63.245553203367585,21.65626408705978,19.0,147.38256536427846,142.4960563823863,-1.1714069020104099,615.6295090390227,0.9304978201358614,126.8772619664669,0.006912408715143934,0.012031760905358476,1,0.1923375310371431,0.6937849889031981,1.3107890824852455,1.0501582849133004
34,1,file:///C:/Users/Hugo/Documents/GitHub/SPAOM2020-ws1-high-content-screening/dataset2D/images/05B.tif,0,0,05B,matrigel5,05B.tif,C:\Users\Hugo\Documents\GitHub\SPAOM2020-ws1-high-content-screening\dataset2D\images,15857,193.3682285425995,70.71942990477392,1.5592273594355432,0.1364138387738017,142.0906733774792,1,0.7096759756534192,0.6413432870764982,147.0512046986978,162.63148526653748,56.71860364994893,20.033805816375917,17.88854381999832,146.0,145.67656109277056,1.5518669054402292,557.4041122946064,0.9007100255609202,149.530547529459,0.009429939303112757,0.013134987265203095,1,0.7124487888510298,0.960391602645896,1.065381752475303,1.3342443815515352
35,1,file:///C:/Users/Hugo/Documents/GitHub/SPAOM2020-ws1-high-content-screening/dataset2D/images/05C.tif,0,0,05C,matrigel5,05C.tif,C:\Users\Hugo\Documents\GitHub\SPAOM2020-ws1-high-content-screening\dataset2D\images,18992,133.33524641954506,112.11088879528222,3.5239471127492195,0.7412749820828145,155.50358656188678,1,0.5967823026646556,0.2837727037338669,194.32794970339407,215.24404753674375,63.51377803280167,20.308761875411598,16.97056274847714,135.30446146999464,130.43320370911704,-1.0357788637858059,917.0752518939717,0.8653180244213595,68.54440099000931,0.003609119681445309,0.012011220646097272,1,2.6457513110645903,1.941242183308781,2.3700569793145867,2.0397026520793116
36,1,file:///C:/Users/Hugo/Documents/GitHub/SPAOM2020-ws1-high-content-screening/dataset2D/images/05D.tif,0,0,05D,matrigel5,05D.tif,C:\Users\Hugo\Documents\GitHub\SPAOM2020-ws1-high-content-screening\dataset2D\images,16745,134.56745297103612,103.08432367871006,2.3350752374781836,0.29509044555687686,146.01505462311172,1,0.5870289219982472,0.42825172566172737,156.07446038069105,182.3869512876401,56.92099788303083,19.09589885585377,16.97056274847714,154.3565115001212,149.12435914021128,-0.886716094954109,700.9676041556469,0.8678414096916299,249.34652882814407,0.014890804946440375,0.02135948838864103,1,0.44333537588619715,0.8638882731064904,1.0500026445142365,0.9541112411712023
37,1,file:///C:/Users/Hugo/Documents/GitHub/SPAOM2020-ws1-high-content-screening/dataset2D/images/05E.tif,0,0,05E,matrigel5,05E.tif,C:\Users\Hugo\Documents\GitHub\SPAOM2020-ws1-high-content-screening\dataset2D\images,16623,144.7288094808398,117.93906033808578,8.955222887585373,0.9667986110307499,145.4821671275645,1,0.31927398444252375,0.11166667904897154,343.97141419302415,307.8830946966722,42.720018726587654,11.431054865682777,8.602325267042627,103.71696642431384,87.89828969108318,1.109483586832345,1367.7220048756972,0.640207972270364,36.633225470781326,0.002203767398831819,0.008258787309935369,1,0.0,0.0,0.0,1.1161893082883145
38,1,file:///C:/Users/Hugo/Documents/GitHub/SPAOM2020-ws1-high-content-screening/dataset2D/images/05F.tif,0,0,05F,matrigel5,05F.tif,C:\Users\Hugo\Documents\GitHub\SPAOM2020-ws1-high-content-screening\dataset2D\images,20941,170.96031708132372,97.99828088438947,2.4254205482009845,0.8627651790797524,163.2878112606665,1,0.5647518878101402,0.41229963221913557,244.1879672675656,239.20075250717753,55.758407437802596,18.313045233049667,16.492422502470642,127.15645165221414,123.46261607636102,-1.0687886184806226,798.9087296526011,0.8348682374516605,211.84245835244656,0.01011615769793451,0.035389769396578175,1,0.0,0.0,0.0,1.7203082999857922
39,1,file:///C:/Users/Hugo/Documents/GitHub/SPAOM2020-ws1-high-content-screening/dataset2D/images/05G.tif,0,0,05G,matrigel5,05G.tif,C:\Users\Hugo\Documents\GitHub\SPAOM2020-ws1-high-content-screening\dataset2D\images,16909,147.2641788396712,84.51499201608611,3.6104449668013583,0.8133929261800367,146.728345802462,1,0.612378675937998,0.2769741705510446,201.59173229044973,213.45959805077868,55.036351623268054,16.541295627354312,14.0,130.27418236498247,117.2688663514679,-0.6755520026234958,875.8792924010783,0.8468048878205128,218.22428819537163,0.012905806859978214,0.029096118722077846,1,2.6457513110645907,1.8342549137110586,1.9656673765242978,1.6560226509211229
40,1,file:///C:/Users/Hugo/Documents/GitHub/SPAOM2020-ws1-high-content-screening/dataset2D/images/05H.tif,0,0,05H,matrigel5,05H.tif,C:\Users\Hugo\Documents\GitHub\SPAOM2020-ws1-high-content-screening\dataset2D\images,20354,139.05423995283482,58.2841701876781,1.8021854311721772,0.7741491252628981,160.98297330320216,1,0.7301621466494476,0.5548818577173715,208.48353491786787,212.46176126540982,64.51356446515724,22.304220246634763,19.697715603592208,137.0,131.97075803069657,-1.264813508318312,678.9371208835976,0.9415737613914974,54.37792298197746,0.0026716086755417838,0.00883347984966669,1,0.0,0.0,2.4456193512113846,2.244344620156581
41,1,file:///C:/Users/Hugo/Documents/GitHub/SPAOM2020-ws1-high-content-screening/dataset2D/images/06A.tif,0,0,06A,matrigel5,06A.tif,C:\Users\Hugo\Documents\GitHub\SPAOM2020-ws1-high-content-screening\dataset2D\images,20972,111.97358382605378,148.98321571619303,1.1732409641343091,0.49083493721035765,163.40862808366586,1,0.7318026380068393,0.8523398266594474,175.6926513160402,180.93645293306707,74.95331880577403,26.287006072602793,23.259406699226016,154.68362002756695,153.0726763770237,-1.1765778113742758,556.0559159102155,0.981513548930594,15.94987267255783,0.0007605317886972073,0.0037898209851372137,1,2.6457513110645907,2.5707312819832056,2.6126405335510015,2.625136043519391
42,1,file:///C:/Users/Hugo/Documents/GitHub/SPAOM2020-ws1-high-content-screening/dataset2D/images/06B.tif,0,0,06B,matrigel5,06B.tif,C:\Users\Hugo\Documents\GitHub\SPAOM2020-ws1-high-content-screening\dataset2D\images,18223,145.3030236514295,157.34357679855128,4.495962367274525,0.7386629722577007,152.3228289643705,1,0.512212946566602,0.22242179055564584,199.57848493416788,207.06037766796427,56.43580423808985,17.201795308322474,14.212670403551895,141.24192184972873,134.53085358140441,0.996568106159555,1014.6732316404182,0.8025985465756441,158.25806564092636,0.008684523165281587,0.024932447285834745,1,0.0,0.0,2.6457513110645903,2.424889815219288
43,1,file:///C:/Users/Hugo/Documents/GitHub/SPAOM2020-ws1-high-content-screening/dataset2D/images/06C.tif,0,0,06C,matrigel5,06C.tif,C:\Users\Hugo\Documents\GitHub\SPAOM2020-ws1-high-content-screening\dataset2D\images,18409,135.18968982562876,112.41056005214841,5.265574418006943,0.7841103626059901,153.09822591731626,1,0.5563648452611218,0.18991280354527912,203.03823226855081,203.38387350033435,46.861498055439924,16.21187254796946,14.142135623730951,138.88125094945312,126.00987476380024,-0.7728778845124312,1103.6793282948279,0.8135495845854693,103.51607233285904,0.0056231230557259515,0.01890327130535231,1,0.0,0.0,2.351634712849426,1.7637797761852512
44,1,file:///C:/Users/Hugo/Documents/GitHub/SPAOM2020-ws1-high-content-screening/dataset2D/images/06D.tif,0,0,06D,matrigel5,06D.tif,C:\Users\Hugo\Documents\GitHub\SPAOM2020-ws1-high-content-screening\dataset2D\images,18029,126.83831604636974,112.06328692661823,3.4309136129084448,0.30079584391378683,151.50985364665314,1,0.47748821441813655,0.29146755436732863,171.11905712673357,203.59027481684876,54.91812087098393,17.122621088618764,14.866068747318506,174.80796882147234,163.19428635521652,-0.4341754491346143,881.6488450227788,0.7467898268577583,63.066204249858856,0.003498042279098056,0.00978757504478475,1,1.0667540990524285,1.6330919458707818,2.127766364400009,1.6864062333922079
45,1,file:///C:/Users/Hugo/Documents/GitHub/SPAOM2020-ws1-high-content-screening/dataset2D/images/06E.tif,0,0,06E,matrigel5,06E.tif,C:\Users\Hugo\Documents\GitHub\SPAOM2020-ws1-high-content-screening\dataset2D\images,20556,175.2204222611403,126.36568398521113,3.8027338601245115,0.7377182084622727,161.77982594123412,1,0.596240863209189,0.26296870535327377,206.26785718062882,226.83253734859116,63.63961030678928,20.06827715198122,17.0,154.47537259887122,139.25323836981374,0.21060465211690838,991.1107857999043,0.8377210856630533,190.43885216116905,0.009264392496651539,0.01813459046814908,1,2.3102666023241043,1.6766078714691988,1.6479014518389028,1.8397516085678585
46,1,file:///C:/Users/Hugo/Documents/GitHub/SPAOM2020-ws1-high-content-screening/dataset2D/images/06F.tif,0,0,06F,matrigel5,06F.tif,C:\Users\Hugo\Documents\GitHub\SPAOM2020-ws1-high-content-screening\dataset2D\images,16466,159.75106279606462,88.61630025507105,2.16472931470971,0.8232924715632065,144.79351623470296,1,0.5884076615208691,0.4619515212386265,201.93882156036062,204.04411287758342,53.45091205957107,17.712320672763983,15.811388300841896,127.61948944754897,114.62398769417544,-0.6158522764934576,669.2691193458119,0.8628170194927688,106.93502713739872,0.006494292914939798,0.012576345037440885,1,0.0,1.733486429942692,2.2846752157375487,1.9070890866080406
47,1,file:///C:/Users/Hugo/Documents/GitHub/SPAOM2020-ws1-high-content-screening/dataset2D/images/06G.tif,0,0,06G,matrigel5,06G.tif,C:\Users\Hugo\Documents\GitHub\SPAOM2020-ws1-high-content-screening\dataset2D\images,19053,151.7950453996746,96.26284574607674,3.843151536258763,0.662666606772572,155.7531156858156,1,0.6393624161073825,0.26020311470035906,186.8023051329959,200.6913052426537,61.326992425847855,19.390090938957755,16.1245154965971,144.6578666817526,139.8989599309363,-0.01839394029352812,959.2468247692254,0.832263137203512,173.91471374034882,0.009127943827237119,0.045912102809957354,1,2.6457513110645907,2.564248845512206,2.600786780114879,2.227447493800286
48,1,file:///C:/Users/Hugo/Documents/GitHub/SPAOM2020-ws1-high-content-screening/dataset2D/images/06H.tif,0,0,06H,matrigel5,06H.tif,C:\Users\Hugo\Documents\GitHub\SPAOM2020-ws1-high-content-screening\dataset2D\images,19520,81.46536885245902,87.87315573770492,1.3234352351044911,0.5122166084325116,157.65035969901996,1,0.7064273306311523,0.755609321464866,171.8080587124309,175.410946066658,65.0,23.848990139616348,21.213203435596427,149.37992166235267,147.55843381560445,-0.3053280113211028,569.7655480083437,0.9451869068371102,66.4951360821724,0.0034065131189637498,0.017969101582916692,1,0.0,2.6457513110645907,1.7271076198950148,1.7910050112545275
49,1,file:///C:/Users/Hugo/Documents/GitHub/SPAOM2020-ws1-high-content-screening/dataset2D/images/07A.tif,0,0,07A,pre2i,07A.tif,C:\Users\Hugo\Documents\GitHub\SPAOM2020-ws1-high-content-screening\dataset2D\images,13823,131.00043405917674,152.81964841206684,1.7059100972280588,0.9105910850026571,132.66495478035694,1,0.6578621739958119,0.5861973627009446,213.8614366225248,203.8872237291979,44.14748010928823,16.19525305441004,15.0,97.05748789112455,88.39073916264843,0.08145431993408746,544.3574311003804,0.8798854232972629,156.60338285565376,0.011329189239358588,0.026276192156910586,1,0.0,0.0,2.6457513110645907,1.7412377559988672
50,1,file:///C:/Users/Hugo/Documents/GitHub/SPAOM2020-ws1-high-content-screening/dataset2D/images/07B.tif,0,0,07B,pre2i,07B.tif,C:\Users\Hugo\Documents\GitHub\SPAOM2020-ws1-high-content-screening\dataset2D\images,13432,139.78000297796308,143.73875818939845,1.8383492480595993,0.8955540859368604,130.77520240811216,1,0.5555004135649297,0.54396627901663,209.6674447544718,195.97959077414157,40.80441152620633,15.227601127050464,14.212670403551895,104.15221765938097,93.29208950204817,-0.43645245345090095,557.0437226013956,0.860418935366088,237.70339065790176,0.017696797994185658,0.028765548517087392,1,2.6457513110645907,1.7414700063391308,1.9848013545620355,1.9085546401323314
51,1,file:///C:/Users/Hugo/Documents/GitHub/SPAOM2020-ws1-high-content-screening/dataset2D/images/07C.tif,0,0,07C,pre2i,07C.tif,C:\Users\Hugo\Documents\GitHub\SPAOM2020-ws1-high-content-screening\dataset2D\images,13154,139.82476813136688,137.2642542192489,1.4791809094037875,0.8764962379431855,129.41480970679643,1,0.7256178287731686,0.6760498284169103,188.1121253687496,184.808008484481,46.0,17.38799697509921,16.0312195418814,93.94071749110581,90.5588153761566,-1.3123692065606485,494.47518010647184,0.9476945244956773,189.17369684576988,0.014381457871808567,0.027061343035581102,1,2.6457513110645903,2.4442202318445303,1.8836576594617866,2.054625816147549
52,1,file:///C:/Users/Hugo/Documents/GitHub/SPAOM2020-ws1-high-content-screening/dataset2D/images/07D.tif,0,0,07D,pre2i,07D.tif,C:\Users\Hugo\Documents\GitHub\SPAOM2020-ws1-high-content-screening\dataset2D\images,10596,142.17110230275577,132.16062665156662,1.9189727601733755,0.8970475558913305,116.15182398918144,1,0.6709726443768997,0.5211121391372183,179.9928514810317,167.5857989210303,35.4400902933387,14.180789938233614,13.152946437965905,83.0240766121328,79.54496532963827,-1.40388920509412,505.4873734152916,0.8798472141492983,144.0995123386383,0.013599425475522679,0.024511744645354345,1,1.340243825980323,0.8096618569808107,0.7915387423162666,1.0382590787218244
53,1,file:///C:/Users/Hugo/Documents/GitHub/SPAOM2020-ws1-high-content-screening/dataset2D/images/07E.tif,0,0,07E,pre2i,07E.tif,C:\Users\Hugo\Documents\GitHub\SPAOM2020-ws1-high-content-screening\dataset2D\images,11856,153.47452766531714,114.58071862348179,1.5616722473484597,0.8984579100178798,122.86385978952512,1,0.5330935251798561,0.6403392271956457,191.3735860957136,177.88198334851114,42.95346318982906,15.695482524226431,14.7648230602334,90.81183799606123,84.02442140159962,-0.555959951211698,482.35743110038044,0.9157333745269174,125.45683932304382,0.010581717216855923,0.026458868138371925,1,2.081795063479553,2.213597051158269,2.6457513110645907,2.6415348248600337
54,1,file:///C:/Users/Hugo/Documents/GitHub/SPAOM2020-ws1-high-content-screening/dataset2D/images/07F.tif,0,0,07F,pre2i,07F.tif,C:\Users\Hugo\Documents\GitHub\SPAOM2020-ws1-high-content-screening\dataset2D\images,12964,159.2858685590867,116.18103980253008,1.3164535704022298,0.7176157873163973,128.47675843492723,1,0.7384370015948963,0.7596166112371587,155.00650707330135,154.74172029546526,52.32590180780452,18.89630437457121,17.0,112.64015659634347,107.95261028457332,1.4680834663110245,463.1025971044414,0.9496740165555637,234.90843179821968,0.018120057991223362,0.029181573753899518,1,1.4109411566419043,1.1491963605911828,1.4386214338229948,1.979011597728659
55,1,file:///C:/Users/Hugo/Documents/GitHub/SPAOM2020-ws1-high-content-screening/dataset2D/images/07G.tif,0,0,07G,pre2i,07G.tif,C:\Users\Hugo\Documents\GitHub\SPAOM2020-ws1-high-content-screening\dataset2D\images,12876,172.9558092575334,107.46683752718235,1.926093686598971,0.9029979249546984,128.03996398785011,1,0.5100415923945336,0.5191855447933922,202.7870759236759,194.83326204732086,42.01190307520001,15.358164729225145,14.317821063276353,92.46097507760813,87.12643471030785,-0.5400506432392312,558.2569260369921,0.8686500708358632,256.8922248184681,0.019951244549430577,0.031149638638328363,1,0.9619819852878082,1.10361073321802,1.2158600753859865,1.7443810048659256
56,1,file:///C:/Users/Hugo/Documents/GitHub/SPAOM2020-ws1-high-content-screening/dataset2D/images/07H.tif,0,0,07H,pre2i,07H.tif,C:\Users\Hugo\Documents\GitHub\SPAOM2020-ws1-high-content-screening\dataset2D\images,14548,173.4176519109156,111.53725598020347,1.7682231295038202,0.7180057189355521,136.09955509408232,1,0.6618744313011828,0.5655394861171221,166.84639988724845,172.2614292289484,48.373546489791295,17.946020531526372,16.278820596099706,120.5007031036585,116.13130146208916,0.9562540200329686,568.5584412271571,0.931131592421915,118.62635111808777,0.008154134665802018,0.023545834323372997,1,0.0,2.6457513110645907,1.690642498340654,2.140449319375337
57,1,file:///C:/Users/Hugo/Documents/GitHub/SPAOM2020-ws1-high-content-screening/dataset2D/images/08A.tif,0,0,08A,pre2i,08A.tif,C:\Users\Hugo\Documents\GitHub\SPAOM2020-ws1-high-content-screening\dataset2D\images,14070,117.12132196162047,151.11144278606966,3.4009483967699046,0.8492957128456126,133.84498643738488,1,0.6185159134868999,0.2940356286939735,192.84150783806732,189.08463713374496,45.27692569068709,15.97688777573398,14.317821063276353,105.2932559521703,101.80438942429329,0.28360673005090314,775.4467888754755,0.862502298780114,306.4892708957195,0.021783174903746944,0.03559940996748694,1,0.0,2.329102918178775,1.717657264690526,1.5866323640270754
58,1,file:///C:/Users/Hugo/Documents/GitHub/SPAOM2020-ws1-high-content-screening/dataset2D/images/08B.tif,0,0,08B,pre2i,08B.tif,C:\Users\Hugo\Documents\GitHub\SPAOM2020-ws1-high-content-screening\dataset2D\images,11372,140.97159690467817,133.81155469574392,1.5130842078046582,0.8488753840420474,120.32988034037211,1,0.59626677852349,0.6609017494478415,171.1966064982704,160.18114745499858,42.190046219457976,15.739899712588862,14.7648230602334,99.82410129955126,90.49333149768064,-1.0207508694021128,465.00209204105306,0.9029696680959187,354.6449146568775,0.031185799741195702,0.043131482941144786,1,0.6077239071979983,1.2907919819217255,1.748235154192367,1.663051230101169
59,1,file:///C:/Users/Hugo/Documents/GitHub/SPAOM2020-ws1-high-content-screening/dataset2D/images/08C.tif,0,0,08C,pre2i,08C.tif,C:\Users\Hugo\Documents\GitHub\SPAOM2020-ws1-high-content-screening\dataset2D\images,11799,137.70243240952624,135.23663022290026,1.7322876194834287,0.9306526633906701,122.56815813387335,1,0.5077022375215147,0.5772713426758784,207.35026347595314,192.7200041511,34.9857113690718,14.59819233636109,13.892443989449804,76.47637729698137,75.87025763004317,-0.9265246171267643,506.8010819142764,0.9136595942388106,202.09569519758224,0.01712820537313181,0.028226429899363338,1,0.0,2.6457513110645903,1.9279924872616765,2.2726478988639824
60,1,file:///C:/Users/Hugo/Documents/GitHub/SPAOM2020-ws1-high-content-screening/dataset2D/images/08D.tif,0,0,08D,pre2i,08D.tif,C:\Users\Hugo\Documents\GitHub\SPAOM2020-ws1-high-content-screening\dataset2D\images,11978,142.0376523626649,126.63257639004843,1.6578957945734543,0.9308311932289817,123.4943855680807,1,0.6341928310478107,0.6031742183514504,208.7639460205647,194.18032856085088,37.8021163428716,14.984707929697596,14.142135623730951,81.01968072273043,76.29266617016836,-1.308019600115037,499.5462479183374,0.9213846153846154,304.02590504288673,0.0253820258008755,0.037032543519669295,1,1.079638753344687,1.3215155297614938,1.5597787233746987,1.7426997339510306
61,1,file:///C:/Users/Hugo/Documents/GitHub/SPAOM2020-ws1-high-content-screening/dataset2D/images/08E.tif,0,0,08E,pre2i,08E.tif,C:\Users\Hugo\Documents\GitHub\SPAOM2020-ws1-high-content-screening\dataset2D\images,12058,143.28230220600432,121.62149610217283,1.6281866338068853,0.8438536497714665,123.90610328154376,1,0.6030507626906727,0.614180204674624,172.38496218979085,166.5322791533221,43.840620433565945,16.580794607735292,15.231546211727817,94.85716293670572,92.49718594247223,0.9575941624868435,496.70057685088807,0.9107938666062392,195.34362855553627,0.016200334098153614,0.03339790480642096,1,1.671190360860092,1.456224073003309,2.031523765649045,2.30076539361558
63,1,file:///C:/Users/Hugo/Documents/GitHub/SPAOM2020-ws1-high-content-screening/dataset2D/images/08G.tif,0,0,08G,pre2i,08G.tif,C:\Users\Hugo\Documents\GitHub\SPAOM2020-ws1-high-content-screening\dataset2D\images,11645,156.57707170459426,115.01837698583083,1.444928068452201,0.847495595798518,121.76565401803978,1,0.5867976820357773,0.6920759737688497,172.07082570097202,165.61400906928134,44.91102314577124,16.436135063954747,15.231546211727817,98.93620468586887,91.33561166991953,0.9203219221343687,459.8305191657993,0.9349658771577679,204.54334756731987,0.017564907476798616,0.03075690906317563,1,0.6371439659620969,1.409008196125618,2.4699605563781173,2.06121378948508
64,1,file:///C:/Users/Hugo/Documents/GitHub/SPAOM2020-ws1-high-content-screening/dataset2D/images/08H.tif,0,0,08H,pre2i,08H.tif,C:\Users\Hugo\Documents\GitHub\SPAOM2020-ws1-high-content-screening\dataset2D\images,12696,173.16170447385002,107.72558286074354,1.3590529576833172,0.6738610583783099,127.14184700545147,1,0.7748550503509307,0.73580649992082,148.78358025896782,150.63200191194434,52.773099207835045,19.17838425729956,17.029386365926403,112.0,109.92995161562216,1.3239988045000468,465.6467529817256,0.9503705367168201,111.82424944639206,0.008807833132198493,0.01505218068258121,1,0.0,2.066444306895758,1.1167863278690753,1.0625997135281398
65,1,file:///C:/Users/Hugo/Documents/GitHub/SPAOM2020-ws1-high-content-screening/dataset2D/images/09A.tif,0,0,09A,pre2i,09A.tif,C:\Users\Hugo\Documents\GitHub\SPAOM2020-ws1-high-content-screening\dataset2D\images,14001,119.90750660667095,160.10992071994858,2.213701506466081,0.8726499394378762,133.51639174961633,1,0.5702590420332356,0.4517320863174478,211.4373146127743,200.44949488586894,43.93176527297759,14.796037579509514,13.416407864998739,117.16996202098898,103.25462474743878,0.21978002126695168,624.0853531617383,0.8044240160873313,217.2803277373314,0.015518914915886821,0.03126062828041954,1,2.6457513110645907,1.7358227243463078,2.482510022218076,1.7635569676404552
66,1,file:///C:/Users/Hugo/Documents/GitHub/SPAOM2020-ws1-high-content-screening/dataset2D/images/09B.tif,0,0,09B,pre2i,09B.tif,C:\Users\Hugo\Documents\GitHub\SPAOM2020-ws1-high-content-screening\dataset2D\images,13895,133.41324217344368,127.52119467434329,1.476376960476473,0.82088514268585,133.01001268361372,1,0.6467603798175386,0.6773337885720384,177.17117372759446,170.47287174210447,48.79549159502341,18.577969671236225,17.0,105.08510227464026,101.18127417985941,1.089804937970306,507.7300141024109,0.9340548534552299,263.10127395391464,0.018934960342131317,0.03361143038200151,1,0.5760605356216844,1.0254545891789437,1.0183487060789087,1.2250840307879154
67,1,file:///C:/Users/Hugo/Documents/GitHub/SPAOM2020-ws1-high-content-screening/dataset2D/images/09C.tif,0,0,09C,pre2i,09C.tif,C:\Users\Hugo\Documents\GitHub\SPAOM2020-ws1-high-content-screening\dataset2D\images,11398,148.4546411651167,132.70924723635724,1.5210648299956107,0.7047990262468842,120.46735794766724,1,0.6812503735580658,0.6574341739285929,151.1452649646215,145.52319402761884,42.04759208325728,15.795292363664748,14.7648230602334,113.48278374939466,107.22351334539242,1.5414010489974963,466.75945135393374,0.9001737482230295,259.7124828696251,0.02278579425071285,0.03156767373916078,1,0.4425301949311856,0.6922987831068887,0.8361393728211465,1.4598729181271162
68,1,file:///C:/Users/Hugo/Documents/GitHub/SPAOM2020-ws1-high-content-screening/dataset2D/images/09D.tif,0,0,09D,pre2i,09D.tif,C:\Users\Hugo\Documents\GitHub\SPAOM2020-ws1-high-content-screening\dataset2D\images,14676,143.96313709457618,123.29272281275551,1.4575030972639957,0.5967603208005114,136.69697713751117,1,0.6853780413767337,0.6861048884748073,158.51143109366777,160.37767924496225,52.92447448959697,18.88949443954717,17.11724276862369,129.83287900446572,127.1926697556963,-0.05863690127683072,518.4579361637687,0.9179958716457122,248.44342577457428,0.016928551769867423,0.0284466663387675,1,0.997415012474763,1.5721424396692425,1.0479091368012434,0.9386895209218726
69,1,file:///C:/Users/Hugo/Documents/GitHub/SPAOM2020-ws1-high-content-screening/dataset2D/images/09E.tif,0,0,09E,pre2i,09E.tif,C:\Users\Hugo\Documents\GitHub\SPAOM2020-ws1-high-content-screening\dataset2D\images,13100,141.51351145038169,114.27717557251908,1.6398647668541466,0.9227562084713694,129.148898702353,1,0.5347593582887701,0.6098063817288797,214.20504353455817,200.53179299053804,38.897300677553446,15.781542047732914,14.866068747318506,87.60580404892079,82.55123881547523,1.088807035850149,519.5706345359769,0.9083344889751768,261.59730020165443,0.019969259557378202,0.030084307303897367,1,0.0,1.6803259398589185,2.2285183918651943,2.0441696669837097
70,1,file:///C:/Users/Hugo/Documents/GitHub/SPAOM2020-ws1-high-content-screening/dataset2D/images/09F.tif,0,0,09F,pre2i,09F.tif,C:\Users\Hugo\Documents\GitHub\SPAOM2020-ws1-high-content-screening\dataset2D\images,13159,140.85219241583707,104.58066722395318,2.0014918123792405,0.9094683528385565,129.43940346420794,1,0.5069928722789443,0.49962732488586425,204.69669791804992,189.3620870184948,42.20189569201838,16.07265727875822,15.0,86.85367291151618,85.10739160781866,1.0868615726987372,575.2985565973347,0.9035912930028154,199.26988461613655,0.015143239198733685,0.02057357834976862,1,2.6457513110645903,1.6628819733933378,1.625813909543301,1.8617891139058633
71,1,file:///C:/Users/Hugo/Documents/GitHub/SPAOM2020-ws1-high-content-screening/dataset2D/images/09G.tif,0,0,09G,pre2i,09G.tif,C:\Users\Hugo\Documents\GitHub\SPAOM2020-ws1-high-content-screening\dataset2D\images,12734,146.92233390921942,120.83257421077431,1.6422243794075058,0.8087650764347873,127.33197698401436,1,0.7331874712114234,0.6089301879447117,167.22518689362082,167.08381130438698,46.32493928760188,18.170352769448414,16.401219466856727,100.35999083425808,98.35045542871715,-1.509064844658184,512.6295090390227,0.9408200960472848,173.28197973966599,0.01360781998897958,0.028132529082436856,1,1.6530420725600419,1.1713715867737609,1.4844387723635635,2.4349653261357447
72,1,file:///C:/Users/Hugo/Documents/GitHub/SPAOM2020-ws1-high-content-screening/dataset2D/images/09H.tif,0,0,09H,pre2i,09H.tif,C:\Users\Hugo\Documents\GitHub\SPAOM2020-ws1-high-content-screening\dataset2D\images,13285,143.88874670681219,118.04689499435453,3.1978584274168282,0.9039357041658266,130.0576308864906,1,0.5420015503243442,0.3127092780050872,221.87253707328583,203.39370688396434,46.09772228646444,14.492473741635322,12.041594578792296,110.61802711178677,94.88786836235951,-0.34739039023900065,730.6599923110718,0.7862807765151515,170.87471383810043,0.012862229118411775,0.030533782012581875,1,0.0,0.0,2.6457513110645907,2.6204886686876607
73,1,file:///C:/Users/Hugo/Documents/GitHub/SPAOM2020-ws1-high-content-screening/dataset2D/images/10A.tif,0,0,10A,pre2i_cleaned,10A.tif,C:\Users\Hugo\Documents\GitHub\SPAOM2020-ws1-high-content-screening\dataset2D\images,11070,124.02411924119241,135.76287262872629,2.094414557983527,0.773964095524865,118.72136185294646,1,0.5613590263691683,0.47746039397414525,165.64075385570163,151.92432326655268,37.73592452822641,13.104660976342876,12.041594578792296,106.38716446818162,104.88860901905885,0.6987748549896335,539.7716446627535,0.825503355704698,76.0826019346714,0.006872863770069684,0.019459771475824922,1,0.0,0.0,0.0,2.443825555221449
74,1,file:///C:/Users/Hugo/Documents/GitHub/SPAOM2020-ws1-high-content-screening/dataset2D/images/10B.tif,0,0,10B,pre2i_cleaned,10B.tif,C:\Users\Hugo\Documents\GitHub\SPAOM2020-ws1-high-content-screening\dataset2D\images,12051,129.19483860260559,134.79047381960004,2.1326527916315237,0.9242442906508416,123.87013261316646,1,0.442660887452248,0.4688995808056403,222.44448048363245,200.52929960482084,34.713109915419565,13.120828141021091,12.36931687685298,92.4902975601898,84.92966713501295,0.7670895806034085,568.2985565973347,0.7976568705321684,137.67790177464485,0.011424603914583425,0.02092792094310606,1,0.0,0.0,2.6457513110645903,1.8351548562471014
75,1,file:///C:/Users/Hugo/Documents/GitHub/SPAOM2020-ws1-high-content-screening/dataset2D/images/10C.tif,0,0,10C,pre2i_cleaned,10C.tif,C:\Users\Hugo\Documents\GitHub\SPAOM2020-ws1-high-content-screening\dataset2D\images,10849,136.73306295511108,133.59867268872708,2.2013691313886676,0.9349030993746679,117.53031873023991,1,0.6408908317580341,0.4542627520942751,205.54600292372245,184.08965207202712,34.713109915419565,13.252697626392552,12.36931687685298,80.45175633493096,72.94890910989575,0.09695147421520955,547.8305191657993,0.8387969692283903,132.99498391151428,0.01225873204088066,0.03226772160011991,1,0.0,2.4892379947051646,2.234479107431167,1.7959547455582896
76,1,file:///C:/Users/Hugo/Documents/GitHub/SPAOM2020-ws1-high-content-screening/dataset2D/images/10D.tif,0,0,10D,pre2i_cleaned,10D.tif,C:\Users\Hugo\Documents\GitHub\SPAOM2020-ws1-high-content-screening\dataset2D\images,9613,136.82534068448976,129.79288463538958,2.142178488594093,0.8945612420878106,110.63295957145465,1,0.5768376837683769,0.466814509306504,175.3998731652967,164.24676556937126,31.76476034853718,12.542635621050755,12.0,83.39648653682738,78.39416521073252,-0.28585575331952173,508.70057685088807,0.8552491103202847,171.79216822981834,0.01787081745863085,0.0392789357651115,1,0.0,0.0,2.261385092825738,2.465834248117331
77,1,file:///C:/Users/Hugo/Documents/GitHub/SPAOM2020-ws1-high-content-screening/dataset2D/images/10E.tif,0,0,10E,pre2i_cleaned,10E.tif,C:\Users\Hugo\Documents\GitHub\SPAOM2020-ws1-high-content-screening\dataset2D\images,8266,138.56266634406,109.4611662230825,1.800946115220982,0.8453678134151507,102.58946377080278,1,0.5844174208144797,0.5552636980908764,148.10070286523964,143.54441821262157,35.0,12.62045808749292,11.661903789690601,88.21580086886804,79.11312486208337,1.1561906033491993,432.51681066681454,0.8744313974399661,69.91762807965279,0.0084584597241293,0.01910169221764558,1,0.0,0.0,2.3289283723051453,1.9388441261201688
78,1,file:///C:/Users/Hugo/Documents/GitHub/SPAOM2020-ws1-high-content-screening/dataset2D/images/10F.tif,0,0,10F,pre2i_cleaned,10F.tif,C:\Users\Hugo\Documents\GitHub\SPAOM2020-ws1-high-content-screening\dataset2D\images,10188,139.7721829603455,105.56949352179033,1.8056437634397937,0.7705771683089421,113.89365426467727,1,0.6596736596736597,0.5538190977909045,146.24804505485147,145.7840869230932,38.01315561749642,14.839584238387006,13.601470508735444,104.52462832969624,93.21071023723938,0.2454230112236266,480.80108191427644,0.8807053941908713,127.62351423501968,0.012526846705439703,0.024747666629360506,1,0.3480507316954089,0.6305903774613418,1.1674871654133074,1.058803185212955
79,1,file:///C:/Users/Hugo/Documents/GitHub/SPAOM2020-ws1-high-content-screening/dataset2D/images/10G.tif,0,0,10G,pre2i_cleaned,10G.tif,C:\Users\Hugo\Documents\GitHub\SPAOM2020-ws1-high-content-screening\dataset2D\images,12727,150.01665749980356,100.05240826589142,3.0040349742768044,0.8677572772666258,127.29697437820121,1,0.6009821976672806,0.3328856050488365,195.27345533062396,183.87223825254318,33.301651610693426,13.52512445366022,12.649110640673518,113.21500175205374,97.04861030443185,0.23465074886942897,693.1391770309008,0.7735837588135182,217.00006741285324,0.017050370661809793,0.03077664631076139,1,0.4374174314949165,0.5949372094975746,1.0043961522166878,1.2238552159766907
80,1,file:///C:/Users/Hugo/Documents/GitHub/SPAOM2020-ws1-high-content-screening/dataset2D/images/10H.tif,0,0,10H,pre2i_cleaned,10H.tif,C:\Users\Hugo\Documents\GitHub\SPAOM2020-ws1-high-content-screening\dataset2D\images,13282,134.4235807860262,120.96755006776088,1.6308660917972315,0.6426196079344052,130.04294534180787,1,0.709508547008547,0.6131711273106363,149.65965108219288,156.28499608087785,55.78530272392541,19.84654064774323,17.46424919657298,116.29686813694313,114.66703692538658,-1.3782640819262675,521.7300141024109,0.9401854604657748,114.71342799067497,0.008636758619987575,0.022332065470642763,1,0.0,1.8225723417675084,1.3251012836712142,2.039392361089254
81,1,file:///C:/Users/Hugo/Documents/GitHub/SPAOM2020-ws1-high-content-screening/dataset2D/images/11A.tif,0,0,11A,pre2i_cleaned,11A.tif,C:\Users\Hugo\Documents\GitHub\SPAOM2020-ws1-high-content-screening\dataset2D\images,12074,118.62199768096737,147.31754182540996,1.3325450110912245,0.6487774733020838,123.98828276547891,1,0.7619588539694561,0.7504436935913313,145.03503145892887,147.20054347725758,49.9799959983992,18.163722944569518,16.278820596099706,111.26388848298672,110.3684942472367,1.3200088412570703,449.6467529817257,0.9418096723868955,155.49184003472328,0.012878237538075476,0.028315055745591,1,0.0,2.6457513110645907,1.9784063702662846,1.6655780604652322
82,1,file:///C:/Users/Hugo/Documents/GitHub/SPAOM2020-ws1-high-content-screening/dataset2D/images/11B.tif,0,0,11B,pre2i_cleaned,11B.tif,C:\Users\Hugo\Documents\GitHub\SPAOM2020-ws1-high-content-screening\dataset2D\images,9483,129.9130022144891,133.4754824422651,1.8204038211371587,0.6987507398058761,109.88234891338803,1,0.5982587849347044,0.5493286645461588,132.50374539665697,136.61625086350452,43.56604182158393,15.434458260417818,13.92838827718412,100.9554357129917,94.78857149838436,-0.8405478284538248,465.75945135393374,0.90625,79.28303703665733,0.008360543819113922,0.021445386860801698,1,2.6457513110645907,2.015748582563224,1.7154311451912205,2.3281539065590646
83,1,file:///C:/Users/Hugo/Documents/GitHub/SPAOM2020-ws1-high-content-screening/dataset2D/images/11C.tif,0,0,11C,pre2i_cleaned,11C.tif,C:\Users\Hugo\Documents\GitHub\SPAOM2020-ws1-high-content-screening\dataset2D\images,9164,129.80641641204713,122.12090790048013,1.5129288425217013,0.7707861595699317,108.01836504943513,1,0.6659399752924933,0.6609696185930543,138.79989274541617,138.81282361511128,43.41658669218482,15.12166315437988,13.45362404707371,95.60975609756098,88.42857139377011,-1.3514773870055063,417.4041122946064,0.9074165758986038,62.376309394836426,0.0068066684193405095,0.016258410114549985,1,0.0,2.6457513110645903,2.332426331689376,1.4539659700000664
84,1,file:///C:/Users/Hugo/Documents/GitHub/SPAOM2020-ws1-high-content-screening/dataset2D/images/11D.tif,0,0,11D,pre2i_cleaned,11D.tif,C:\Users\Hugo\Documents\GitHub\SPAOM2020-ws1-high-content-screening\dataset2D\images,10076,123.38785232235014,114.45464470027788,1.6686813476453612,0.740324709599652,113.26588918448263,1,0.692032967032967,0.59927559052007,141.43615212381394,141.05672617780408,41.400483088968905,15.036300133543273,13.892443989449804,96.35064777536617,95.08037561535464,0.18970343945030818,459.6589462905455,0.9240645634629494,175.01489344239235,0.017369481286462124,0.029872538952904537,1,0.0,2.6457513110645903,1.6017688206223943,1.5117012109736288
85,1,file:///C:/Users/Hugo/Documents/GitHub/SPAOM2020-ws1-high-content-screening/dataset2D/images/11E.tif,0,0,11E,pre2i_cleaned,11E.tif,C:\Users\Hugo\Documents\GitHub\SPAOM2020-ws1-high-content-screening\dataset2D\images,7493,130.58147604430803,110.84211931135727,1.4900936657587207,0.8239731731403267,97.67488883382758,1,0.6555555555555556,0.6710987523665658,134.23087911406847,128.7866452703851,34.539832078341085,13.008928821009716,12.041594578792296,79.42342409546077,76.05908348990319,-0.35541057354428746,374.5756851698602,0.9060459492140266,106.95878803730011,0.014274494599933286,0.028740163095506956,1,0.0,2.366149899446051,2.4803360128594747,1.919588067904314
86,1,file:///C:/Users/Hugo/Documents/GitHub/SPAOM2020-ws1-high-content-screening/dataset2D/images/11F.tif,0,0,11F,pre2i_cleaned,11F.tif,C:\Users\Hugo\Documents\GitHub\SPAOM2020-ws1-high-content-screening\dataset2D\images,13758,139.87418229393808,91.60742840529147,1.5925997500077151,0.8601663761446938,132.3526715123891,1,0.6200648999459167,0.6279041548230531,190.1436728518759,181.64801127455263,46.8187996428785,17.476537284200443,16.1245154965971,101.08598553008342,96.975846649695,0.47128573391822937,524.7300141024109,0.938984438984439,214.6522988975048,0.015601998756905423,0.03803946303694992,1,0.0,2.117188874321463,1.41068209739031,2.4192942673598146
87,1,file:///C:/Users/Hugo/Documents/GitHub/SPAOM2020-ws1-high-content-screening/dataset2D/images/11G.tif,0,0,11G,pre2i_cleaned,11G.tif,C:\Users\Hugo\Documents\GitHub\SPAOM2020-ws1-high-content-screening\dataset2D\images,9581,146.7122429808997,91.57415718609748,1.6393867631554226,0.7964722151499349,110.44866716311064,1,0.6542164561283714,0.6099841858398576,147.9049565767349,144.03124660989366,38.28837943815329,14.42159803313445,13.152946437965905,97.52650373195127,89.4344485587188,1.5626279140547945,444.2741699796952,0.8968454553964242,107.10895183682442,0.011179308197142721,0.025929405029777294,1,0.0,2.1343693831912405,1.7857301373657308,2.2780558179135464
88,1,file:///C:/Users/Hugo/Documents/GitHub/SPAOM2020-ws1-high-content-screening/dataset2D/images/11H.tif,0,0,11H,pre2i_cleaned,11H.tif,C:\Users\Hugo\Documents\GitHub\SPAOM2020-ws1-high-content-screening\dataset2D\images,9541,167.67309506341056,102.71376166020333,1.5045173768732585,0.7701658051985334,110.21786831688493,1,0.6265432098765432,0.6646649718850277,143.0351775576894,144.9206679531943,42.20189569201838,15.184612170701959,13.601470508735444,92.48905424429655,91.23409213916473,-0.3140378449796529,424.71782079359116,0.911096256684492,119.942677795887,0.01257128999013594,0.03209636097860667,1,0.0,0.0,2.4274599226783327,1.605469891728212
89,1,file:///C:/Users/Hugo/Documents/GitHub/SPAOM2020-ws1-high-content-screening/dataset2D/images/12A.tif,0,0,12A,pre2i_cleaned,12A.tif,C:\Users\Hugo\Documents\GitHub\SPAOM2020-ws1-high-content-screening\dataset2D\images,10250,118.70341463414634,138.42634146341464,1.6889380496317663,0.7112081630016666,114.23968370726267,1,0.6410256410256411,0.5920880284614506,139.807966338894,138.70832707519762,43.289721643826724,15.872754866026561,14.317821063276353,101.47099296797188,98.28240986530722,0.80851429647187,466.41630560342617,0.9188704616763783,136.63027188181877,0.013329782622616465,0.03094493391801189,1,0.0,2.6457513110645907,1.7320793000142547,2.35626548511815
90,1,file:///C:/Users/Hugo/Documents/GitHub/SPAOM2020-ws1-high-content-screening/dataset2D/images/12B.tif,0,0,12B,pre2i_cleaned,12B.tif,C:\Users\Hugo\Documents\GitHub\SPAOM2020-ws1-high-content-screening\dataset2D\images,10400,126.30653846153847,129.74576923076924,1.8337217324987083,0.9272339617512358,115.07254783503184,1,0.6792058516196448,0.5453390131540606,191.2950643138401,178.67568385205638,34.48187929913333,14.050012160467455,13.152946437965905,76.48476367973237,71.63666346638242,-0.24173927793478206,489.5401512639275,0.8710947315520563,194.56169202923775,0.018707855002811323,0.038865729340158396,1,0.0,0.0,2.6457513110645907,2.3579062079836843
91,1,file:///C:/Users/Hugo/Documents/GitHub/SPAOM2020-ws1-high-content-screening/dataset2D/images/12C.tif,0,0,12C,pre2i_cleaned,12C.tif,C:\Users\Hugo\Documents\GitHub\SPAOM2020-ws1-high-content-screening\dataset2D\images,12982,111.53774456940378,135.92166076105377,1.8903736909864466,0.8074920546380154,128.56591993896313,1,0.5863860156285289,0.5289959359718838,182.76181198906565,175.1913239860924,38.01315561749642,14.683964448945662,13.892443989449804,110.79196443979903,107.8072537435703,0.2737475874536491,555.3279938488575,0.8511112568019406,200.61879578232765,0.0154536123696139,0.031138434801375636,1,0.0,0.0,1.8314182865279462,2.1008926036612827
92,1,file:///C:/Users/Hugo/Documents/GitHub/SPAOM2020-ws1-high-content-screening/dataset2D/images/12D.tif,0,0,12D,pre2i_cleaned,12D.tif,C:\Users\Hugo\Documents\GitHub\SPAOM2020-ws1-high-content-screening\dataset2D\images,9732,122.90022605836415,115.48273736128236,2.0961916992179317,0.8548698163604111,111.31561997025666,1,0.5998520710059172,0.4770556053499735,165.67694438181414,158.26875876179733,36.124783736376884,12.871824877369832,12.0,91.03925349696067,85.96024915910462,-1.3805232726272698,506.3158005400378,0.8497336942285864,159.31525444984436,0.01637024809390098,0.032765983043733495,1,0.0,0.0,2.614190944133552,1.9757129189380616
93,1,file:///C:/Users/Hugo/Documents/GitHub/SPAOM2020-ws1-high-content-screening/dataset2D/images/12E.tif,0,0,12E,pre2i_cleaned,12E.tif,C:\Users\Hugo\Documents\GitHub\SPAOM2020-ws1-high-content-screening\dataset2D\images,8585,139.1555037856727,117.91543389633081,1.2301206447927246,0.3598474767456005,104.55028212085978,1,0.7570546737213404,0.8129283938393702,108.9679327082923,116.49892703368559,46.32493928760188,16.6150634238413,14.7648230602334,97.06369102181114,101.66829547673996,-0.38632853310250603,364.2914139223983,0.9663439891940567,68.21800312399864,0.007946185570646318,0.021953754709432564,1,0.0,0.0,2.2470019658826796,2.0957526547882517
94,1,file:///C:/Users/Hugo/Documents/GitHub/SPAOM2020-ws1-high-content-screening/dataset2D/images/12F.tif,0,0,12F,pre2i_cleaned,12F.tif,C:\Users\Hugo\Documents\GitHub\SPAOM2020-ws1-high-content-screening\dataset2D\images,10103,139.67781846976146,96.593883005048,1.5210738712507412,0.8706361125776956,113.41754326584291,1,0.5758335708178969,0.6574302661433036,167.72167434789299,161.82088863926066,40.01249804748511,14.79525824640577,13.601470508735444,88.72262486945583,82.50692001971854,0.5701753800804314,439.445742854949,0.9157074231849904,114.51303148269653,0.01133455720901678,0.027317969601365295,1,0.0,2.502212154095864,2.4235709972177273,2.497459408414847
95,1,file:///C:/Users/Hugo/Documents/GitHub/SPAOM2020-ws1-high-content-screening/dataset2D/images/12G.tif,0,0,12G,pre2i_cleaned,12G.tif,C:\Users\Hugo\Documents\GitHub\SPAOM2020-ws1-high-content-screening\dataset2D\images,9480,168.52289029535865,91.16160337552742,1.751285225766474,0.8863117187201981,109.86496659121752,1,0.5563380281690141,0.5710092138545486,167.9308070011241,160.37767924496225,35.35533905932738,13.251699592422254,12.36931687685298,78.81589906830948,77.76693039600025,0.6456111082754762,456.7594513539338,0.8871420550252667,160.3244511783123,0.016911861938640537,0.038712721520850174,1,0.0,0.0,2.5224710999290942,2.4325569292822955
96,1,file:///C:/Users/Hugo/Documents/GitHub/SPAOM2020-ws1-high-content-screening/dataset2D/images/12H.tif,0,0,12H,pre2i_cleaned,12H.tif,C:\Users\Hugo\Documents\GitHub\SPAOM2020-ws1-high-content-screening\dataset2D\images,11240,175.03416370106763,98.36708185053381,2.108073719356812,0.9451844289177943,119.62947999060779,1,0.44855934232580413,0.4743667125194782,226.70372350667427,207.1183236703117,39.293765408777,13.144084880092858,12.041594578792296,84.79842091306367,74.02714784836084,0.5319418203861501,545.6711395993652,0.8093900770504788,81.29875284433365,0.007232985128499435,0.01528780023252309,1,0.0,0.0,0.0,2.3361819618389617
